id,score
21,8.16231815
22,9.37401134
23,4.42223959
24,7.40030257
25,7.9890925
26,7.40030257
27,6.98473829
